"","city","mean_ndvi","mean_surface_water","mean_uhi_DayNight","mean_uhi_daytime","mean_uhi_Nighttime"
"1","Bengbu",4344.4780334848,1.7831752696735,1.78887348326126,1.05927187329922,0.729601609962047
"2","Bengkulu",5926.52866321473,2.79425837320574,NA,NA,NA
"3","Beni",7768.47244994881,1.30322580645161,1.88447331654634,1.51802760425588,0.366445712290459
"4","Beni Mazar",5446.81117659193,2.20731707317073,2.13894893657416,1.23295471314341,0.905994223430753
"5","Beni Ounif",1205.46343873518,NA,NA,NA,NA
"6","Beni Suef",5057.46957337466,2.41618497109827,0.0175329630645055,-0.665299360861453,0.682832323925958
"7","Benin City",4057.20768676832,1.5,2.78014088142209,2.10941485789637,0.670726023525721
"8","Benoni",3575.02102522137,1.90559440559441,1.08042271673909,-0.168145286980122,1.24856800371921
"9","Bento Goncalves",6815.22719038208,1.33333333333333,0.677637824362703,0.727483397859228,-0.0498455734965245
"10","Benton Harbor",3928.94213860424,2.79767103347889,0.573064054343323,0.142604563239205,0.430459491104118
"11","Benxi",4344.15326446707,2.29487179487179,2.00607007123876,1.08522960139742,0.920840469841347
"12","Berber",1807.19345280233,2.03787878787879,-2.34953694811768,-1.84858687696132,-0.500950071156363
"13","Berbera",901.696375932468,2.87179487179487,NA,NA,NA
"14","Berberati",6513.92431057199,NA,1.92305228573697,1.27714009262691,0.645912193110056
"15","Berdyansk",3473.38679337647,2.92592592592593,0.222073635427709,-0.717407837805124,0.939481473232833
"16","Berekum",4438.42906602254,1.5,NA,NA,NA
"17","Berezniki",2600.19145114186,2.15192743764172,1.70922421783133,1.38660442592756,0.322619791903774
"18","Bergamo",5810.60034140285,2.38644304682041,0.0294296649169973,0.100837155059989,-0.0714074901429912
"19","Bergen",4409.37094988103,2.96434782608696,NA,NA,NA
"20","Berkeley",4098.15606644057,2.92900054614964,0.77410058160811,0.827311907234998,-0.0532113256268882
"21","Berlin",5412.03451155564,2.66960477679841,1.94378744998264,1.03558701957685,0.908200430405783
"22","Bermejo",5279.11428571429,1.46153846153846,NA,NA,NA
"23","Bern",6233.95166124421,2.25735294117647,1.01176880134888,0.444433766817995,0.567335034530886
"24","Berri",3013.12845849802,2.7,NA,NA,NA
"25","Bertoua",3257.07608695652,NA,NA,NA,NA
"26","Besalampy",0,1.8,NA,NA,NA
"27","Besancon",6185.28826608174,2.19,1.99570284802566,1.59812714201912,0.397575706006542
"28","Betanzos",2609.60248447205,NA,NA,NA,NA
"29","Bethal",4094.21681466959,2.18518518518519,NA,NA,NA
"30","Bethanie",1251.16501976285,2,NA,NA,NA
"31","Bethel",2219.85568221869,2.31155778894472,NA,NA,NA
"32","Bethlehem",4027.69236251458,2.4,0.785695916114573,0.435338559805016,0.350357356309558
"33","Bezhetsk",3796.50067482888,1.95192307692308,0.16223011798827,0.166874610612878,-0.00464449262460762
"34","Beziers",4548.62456521739,2.18181818181818,2.9072250679164,2.01478028588552,0.892444782030882
"35","Bhagalpur",4392.43999596225,1.67697981411059,1.55710184313794,0.657098850033336,0.900002993104605
"36","Bharatpur",4210.93407868937,1.3147655703289,2.19690980906885,0.551224093830576,1.64568571523827
"37","Bhatpara",5061.43259137498,1.57100795185902,3.18499008779096,1.59681046382082,1.58817962397014
"38","Bhavnagar",2637.48748825479,1.93558776167472,-0.373698583885561,-1.51161624782465,1.13791766393909
"39","Bhilwara",3869.88255142161,1.58426966292135,1.25498556164651,-0.328131515717918,1.58311707736442
"40","Bhisho",4891.45559293142,2.04761904761905,0.91557557899505,0.473005252824549,0.442570326170501
"41","Bhiwandi",4170.42972253192,2.03687943262411,1.69957186155996,1.16720530221453,0.532366559345427
"42","Bhiwani",3954.18383506876,1.34428284854564,1.52055123485866,0.263019987783778,1.25753124707488
"43","Bhopal",3667.05933548748,1.86288659793814,1.25671619370591,-0.550970598371307,1.80768679207721
"44","Bhubaneshwar",5118.25572258645,1.54716756112105,1.1250725990016,0.62208014075509,0.502992458246513
"45","Bhusawal",3651.63046636548,1.66808510638298,1.25378984843606,-0.696942299877824,1.95073214831389
"46","Biak",6106.72859716907,2.965,NA,NA,NA
"47","Bialystok",4516.828397248,2.08974358974359,2.45597606945537,2.15625385413194,0.299722215323422
"48","Biarritz",6170.56815930002,2.95705394190871,1.26309709137149,0.823971992502191,0.439125098869294
"49","Bicheno",6505.67391304348,NA,NA,NA,NA
"50","Bida",3780.81456344998,NA,NA,NA,NA
"51","Bidar",3766.28971390928,1.3768115942029,0.18567622242605,-0.188778895840925,0.374455118266975
"52","Biel",5491.47684036133,2.725,0.252612315471573,0.155746446183787,0.0968658692877867
"53","Bielefeld",5894.67111680228,2.09090909090909,0.505871657877028,0.0353668464245609,0.470504811452467
"54","Bien Hoa",4890.25370420115,1.87777023971054,2.16793935320977,1.98401579577791,0.183923557431855
"55","Big Spring",2634.55436550018,1.70588235294118,NA,NA,NA
"56","Biggar",2061.40289855073,2,NA,NA,NA
"57","Biharamulo",5508.05826754142,2,NA,NA,NA
"58","Bijapur",2486.08867517461,1.7741935483871,-0.181841370201511,-1.34146697862877,1.15962560842725
"59","Bijar",0,NA,NA,NA,NA
"60","Bikaner",1933.30492265886,1.92105263157895,-0.158937795919183,-1.64614716426063,1.48720936834145
"61","Bikin",3981.74160079051,2.35135135135135,NA,NA,NA
"62","Bila Tserkva",3608.63635814668,2.38636363636364,2.45944280144638,1.74195429039838,0.717488511048001
"63","Bilaspur",3913.5330777431,1.59298298449029,1.42020806385652,0.333972168490653,1.08623589536586
"64","Bilbao",6786.63777448391,2.83732057416268,1.37130165370531,0.932971246481519,0.438330407223791
"65","Billings",3032.89436807933,1.86315789473684,1.55989515024703,0.996299126676212,0.563596023570818
"66","Biloela",3688.20912684154,1.6,NA,NA,NA
"67","Biloxi",3414.24500241228,2.86723768736617,2.97418831205257,1.71756245882897,1.25662585322359
"68","Biltine",1512.48713398403,2,NA,NA,NA
"69","Binghamton",5282.43726153074,2.13734939759036,1.70616485019866,1.43398828524848,0.272176564950185
"70","Binjai",6604.58574732869,1.70929776382895,3.51739909445255,3.45427085577983,0.0631282386727161
"71","Bintulu",4919.13688204671,2.19339622641509,0.389666670653968,0.192060753432187,0.197605917221782
"72","Birak",1230.67444698703,NA,NA,NA,NA
"73","Birao",4091.56884057971,NA,NA,NA,NA
"74","Biratnagar",5209.38380442913,1.26312747449643,0.983665589950979,0.516000039689243,0.467665550261736
"75","Birganj",4610.49871147259,1.1697097645403,0.726655352631805,0.382757909722247,0.343897442909557
"76","Birjand",861.200783392088,1.4,-4.00071580260258,-4.51642632660607,0.515710524003494
"77","Birmingham1",6459.76593295115,2.07015650296816,2.40868323394948,1.95098844497104,0.457694788978442
"78","Birmingham2",5493.650884552,2.13124108416548,1.89708230481687,1.27441690831516,0.622665396501712
"79","Birni Nkonni",3011.50270438943,NA,NA,NA,NA
"80","Birnin Kebbi",2857.63371100949,1.4375,2.84435394971121,1.67842278749712,1.16593116221409
"81","Birobidzhan",3555.84268958711,2.13315217391304,1.2768424483775,0.783700752510594,0.493141695866904
"82","Birsk",3103.7283466159,1.88095238095238,0.326829803931086,0.0749705221307908,0.251859281800295
"83","Biryusinsk",3376.39380032206,2.41666666666667,2.18808726951867,0.874683230970201,1.31340403854847
"84","Bishkek",3080.09500405876,1.91796875,3.32774672255454,2.11384032696214,1.2139063955924
"85","Bishop",0,NA,NA,NA,NA
"86","Biskra",1281.12232752425,1.61538461538462,-0.814537553145631,-1.38005459764152,0.565517044495888
"87","Bismarck",2628.84030738488,2.02298850574713,3.16041503077373,2.54227425585501,0.618140774918721
"88","Bissau",3355.06437482206,2.35371179039301,1.80292909556856,1.36359728485346,0.439331810715107
"89","Bitam",4818.5422705314,NA,NA,NA,NA
"90","Bitola",4788.60550319246,2,1.18391075841546,0.309130179769486,0.874780578645979
"91","Biu",3234.62166285278,NA,NA,NA,NA
"92","Biysk",3400.80038328549,2.39690721649485,1.47720622118187,1.18481128400658,0.292394937175289
"93","Bizerte",0,2.94609814963797,0.242340659089921,0.176550642511491,0.0657900165784302
"94","Blackpool",5337.18608750647,2.57932263814617,0.53010162484065,0.233166939555201,0.296934685285449
"95","Blacksburg",6126.63513198758,1.34782608695652,1.39612615402547,1.51987984914471,-0.123753695119241
"96","Blagodarnyy",3813.82712215321,1,-0.408779659737905,-0.792022536570084,0.383242876832178
"97","Blagoveshchensk",2465.94924596399,2.3905325443787,1.4388559924744,0.200170510403597,1.23868548207081
"98","Blantyre",5151.77603360334,1.77338803174886,0.948152573377362,0.59910039520904,0.349052178168322
"99","Blenheim",6002.02418317469,NA,1.26514266954179,0.953894718435772,0.311247951106021
"100","Blitar",6556.52878509721,2.62082459818309,NA,NA,NA
"101","Bloemfontein",3069.44278812974,1.6734693877551,0.502913744668098,0.101251150684786,0.401662593983312
"102","Bloemhof",3509.0082345191,2.11111111111111,NA,NA,NA
"103","Bloomington1",5533.22736227874,1.65625,1.59580815651016,1.29663684298116,0.299171313529004
"104","Bloomington2",4224.09898852657,2.11347517730496,0.387442704584292,0.334740379416503,0.0527023251677884
"105","Bluefields",4656.88949839952,2.875,NA,NA,NA
"106","Blumenau",7037.95203950776,2.00584795321637,1.04038051247098,0.849802321908627,0.190578190562357
"107","Bo",4778.95643390426,1,2.13295816479161,1.65902311252731,0.473935052264302
"108","Boa Vista",3648.50873084626,1.72715053763441,2.40024756143142,2.14206376109858,0.258183800332834
"109","Boaco",6448.37654808959,1.5,NA,NA,NA
"110","Bobo Dioulasso",3007.64038021475,3,0.921000416921743,0.512931285582513,0.408069131339229
"111","Bocaiuva",0,1.66666666666667,NA,NA,NA
"112","Bocas del Toro",4735.14375,2.55555555555556,NA,NA,NA
"113","Bodo",4117.14245854513,2.98444444444444,-0.0899967107483571,-0.035685882301015,-0.0543108284473421
"114","Boende",7416.55192238591,2.2,NA,NA,NA
"115","Bogor",6123.82447286513,1.47580015612802,1.87031243394802,2.24605447784955,-0.375742043901521
"116","Bogoroditsk",3755.26862268167,2.23529411764706,1.82879743429723,1.32180857859753,0.506988855699698
"117","Bogota",3933.97047858629,2.04362416107383,1.50323561671411,0.984655565236322,0.518580051477785
"118","Bogotol",3111.99478979519,1.61111111111111,NA,NA,NA
"119","Bogue",1699.78976096367,1.79310344827586,NA,NA,NA
"120","Boise",3528.42451624657,2.10526315789474,0.676510922115805,0.559242910092059,0.117268012023746
"121","Bojnurd",0,1.4,0.210501045562948,-0.863293928202862,1.07379497376581
"122","Boke",5320.77973409989,2,NA,NA,NA
"123","Bol",3310.87446223549,1.94117647058824,NA,NA,NA
"124","Bolama",4805.75191717391,1.975,NA,NA,NA
"125","Bolgatanga",3656.96744704571,1.8,NA,NA,NA
"126","Boli",3025.92755129712,1.58823529411765,1.11697418996392,0.606822129079746,0.510152060884175
"127","Bollnas",4160.16935155414,2.80833333333333,NA,NA,NA
"128","Bolobo",5270.40860692103,2.28571428571429,NA,NA,NA
"129","Bologna",5086.84534161491,1.82352941176471,1.61531519506253,0.464092556875398,1.15122263818713
"130","Bologoye",3770.15013370285,2.83185840707965,0.725407179264189,0.326838505137893,0.398568674126296
"131","Bolu",4803.51210294329,1.54545454545455,3.06135452748624,1.71604885748907,1.34530566999717
"132","Bolzano",5999.74775188201,2.15238095238095,2.73703539504098,1.54653508037921,1.19050031466177
"133","Boma",3472.39696455509,2,NA,NA,NA
"134","Bondo",6862.05919808974,2.13513513513514,NA,NA,NA
"135","Bondoukou",3484.12595520422,NA,4.42837535970065,3.66716146469116,0.761213895009489
"136","Bongandanga",7850.27038043478,NA,NA,NA,NA
"137","Bongaree",4708.28324695052,2.87142857142857,NA,NA,NA
"138","Bongor",3296.16409150797,1.9,-0.162506759166718,-0.489594906138686,0.327088146971969
"139","Bonn",5730.77809777479,2.49884259259259,1.34560688794696,0.82334264299384,0.522264244953125
"140","Boorama",2368.69632850242,2,NA,NA,NA
"141","Boosaaso",897.550602291181,2.69230769230769,NA,NA,NA
"142","Boras",5350.60808122289,2.5,0.668206944273642,0.592197787479536,0.0760091567941055
"143","Bordeaux",5497.8581983975,2.51219512195122,2.441590430186,1.57304403265993,0.868546397526076
"144","Bordertown",4365.56295878035,NA,NA,NA,NA
"145","Borisoglebsk",3471.53658341065,1.9922480620155,1.9091397994139,1.57476271565155,0.334377083762348
"146","Borlange",4459.87367983647,2.62361623616236,0.958118920200574,0.529427106589524,0.42869181361105
"147","Borovichi",3688.79135433964,2.23584905660377,1.56438666758569,1.07725759863592,0.487129068949766
"148","Borzya",2635.57980676328,1.4,1.70074341067391,0.993476087438692,0.707267323235223
"149","Bose",4978.6368660816,2.30456852791878,0.325521103123793,0.278347436639463,0.04717366648433
"150","Bosobolo",6937.43922924901,NA,NA,NA,NA
"151","Bossangoa",5352.47581682532,2.05882352941176,NA,NA,NA
"152","Bossembele",5715.18873517787,NA,NA,NA,NA
"153","Boston",5812.0058882913,2.58152354878094,1.77629572014991,1.48959017427047,0.286705545879439
"154","Botosani",3950.14879776021,2.25,2.37592279571683,1.34221915331707,1.03370364239975
"155","Botucatu",5009.16778656126,1.25,1.8049385328917,1.57270380913764,0.232234723754067
"156","Bouake",3909.64305880455,1.57142857142857,3.11002377484118,2.62548258982102,0.484541185020159
"157","Bouar",5511.09954751131,2,1.96726935116922,0.992889096044889,0.974380255124327
"158","Bougouni",3233.31246376812,2,NA,NA,NA
"159","Bouira",0,1.64285714285714,1.25517444172057,0.76910612797528,0.486068313745292
"160","Boulder",3995.29778708716,2.18333333333333,-0.707705081252938,-1.93869169780596,1.23098661655302
"161","Boulder City",0,3,-0.480421351090758,-0.0649304835641959,-0.415490867526562
"162","Bourges",4934.22481343568,2.3125,1.09693319175532,0.568703620829489,0.528229570925828
"163","Bournemouth",5996.28500398991,2.89450788471996,1.1061909356057,0.583303395189205,0.522887540416492
"164","Boutilimit",1322.07078692059,NA,NA,NA,NA
"165","Bowling Green1",0,1.6283185840708,1.6345622715866,1.38069773978045,0.253864531806152
"166","Bowling Green2",4490.28630348857,1.74193548387097,0.868401736284003,0.517644711079843,0.350757025204161
"167","Bozeman",2968.16985507246,2.5,1.28925787391407,1.01127073687634,0.277987137037729
"168","Bozoum",5486.38526570048,NA,1.21106477826834,0.93003624677658,0.281028531491756
"169","Bradford",5930.18729832703,2.3719806763285,0.372964774023492,0.579903420022473,-0.206938645998981
"170","Braga",6017.70130900459,2.44339622641509,0.890678591062449,0.870112382824578,0.0205662082378709
"171","Braganca",5451.07691329774,2.37931034482759,NA,NA,NA
"172","Braganca Paulista",4902.07823375215,1.8135593220339,1.59619294466932,1.23927371329471,0.356919231374612
"173","Brahmapur",5289.79905147436,2.47532697289442,1.11479516474217,0.339124736043006,0.775670428699168
"174","Brainerd",3838.48076453981,2.37546468401487,2.60270939732707,2.29264679548959,0.310062601837481
"175","Brandfort",4059.21195652174,NA,NA,NA,NA
"176","Brandon",2226.41994030814,1.47244094488189,2.43172587382679,1.46516014318555,0.966565730641238
"177","Brasilia",4751.86048308274,2.58421052631579,1.62800196166821,0.946216150072124,0.681785811596083
"178","Brasov",4603.34639787312,1,2.14312571146004,1.16998839208422,0.97313731937582
"179","Bratislava",4678.46774279313,2.72177419354839,1.64736586850547,0.589149246451565,1.05821662205391
"180","Bratsk",2592.83197131879,2.44144144144144,1.58397635406126,1.4080711562197,0.175905197841564
"181","Braunschweig",5172.83250644487,2.17261904761905,2.04792355409687,1.30481554066884,0.743108013428034
"182","Brazzaville",3739.11761850686,2.59187620889749,3.23353672264435,2.88934268048121,0.344194042163143
"183","Bredasdorp",3826.87432065217,1,NA,NA,NA
"184","Bremen",5976.16686556975,2.54262295081967,1.10757767177263,0.588501771769462,0.519075900003169
"185","Bremerhaven",4883.73965999923,2.69718309859155,1.04244250694893,0.503966986063491,0.53847552088544
"186","Bremerton",6003.7705673093,2.94009216589862,1.29970613267364,1.3452886323013,-0.0455824996276599
"187","Brest1",5752.40428216107,2.75162548764629,2.33168262005288,1.3636916682653,0.967990951787578
"188","Brest2",4037.10822134387,2.39423076923077,2.81187124365599,2.47104924879838,0.340821994857617
"189","Breves",4171.61873961364,2.825,NA,NA,NA
"190","Bria",5664.77149758454,1.88,NA,NA,NA
"191","Bridgeport",5999.13776497575,2.76542857142857,2.25401059353759,1.33666259317432,0.917348000363272
"192","Bridgetown",5681.52880504193,2.79170779861797,1.42577608424317,1.05849572563746,0.367280358605715
"193","Brighton",5698.45688262252,2.9453483521068,1.3252727058368,0.835938820059213,0.489333885777589
"194","Brikama",4009.35889905468,2.57201646090535,2.4447055201242,2.58311858667399,-0.138413066549798
"195","Brindisi",3890.86180144468,2.90836653386454,0.209341021046173,-0.276221763225472,0.485562784271644
"196","Brisbane",5775.00173814894,2.62304526748971,1.37095406742031,1.03040250252934,0.340551564890974
"197","Bristol1",0,1.52272727272727,1.74845407705572,1.52914817574457,0.219305901311156
"198","Bristol2",5699.78093872037,2.82618771726535,1.25981462040682,0.743453592796421,0.516361027610398
"199","Brits",4217.13666768015,1.8125,1.10747313388579,0.689917457083033,0.417555676802756
"200","Brive",5942.37328574519,1.94736842105263,1.81942820300283,1.34169999632726,0.477728206675579
"201","Brno",4915.85320924915,2.30864197530864,1.15256906298519,0.85344510127974,0.299123961705452
"202","Brochet",1866.26086956522,3,NA,NA,NA
"203","Brockville",4282.06448250112,2.79888268156425,0.454082753783201,0.394690281853956,0.0593924719292452
"204","Broken Hill",1992.06161616162,1.77142857142857,-0.574951519619703,-1.0495667258371,0.474615206217401
"205","Brookings",3217.50832478498,1.95238095238095,NA,NA,NA
"206","Brooks",2749.05138924621,2.1830985915493,NA,NA,NA
"207","Broome",3147.43736243406,1.51923076923077,0.448046295447092,0.419364202256296,0.0286820931907962
"208","Brovary",4069.57326121628,2.16666666666667,1.94176060745081,1.55888717099057,0.382873436460247
"209","Brownsville",3938.04588049268,1.71666666666667,1.702213593559,1.27539549897448,0.426818094584522
"210","Brownsweg",6064.65062111801,NA,NA,NA,NA
"211","Brownwood",3882.4312121486,1.56818181818182,NA,NA,NA
"212","Brugge",6170.12497964501,2.20805369127517,1.93189906289335,1.34799009910878,0.583908963784576
"213","Brumado",3645.94712828771,2.16666666666667,NA,NA,NA
"214","Brunswick",4812.6600855509,2.22159624413146,1.19072634942709,0.66504237958486,0.525683969842227
"215","Brusque",6846.56486801242,1.32857142857143,0.759556042424048,0.722825011061061,0.0367310313629874
"216","Brussels",5736.61798927827,2.53275995361422,1.52177133585127,0.949484910912759,0.572286424938514
"217","Bryan",5050.42426995457,1.65644171779141,1.9518714678892,1.41900837207167,0.532863095817531
"218","Bryansk",4289.69521272212,1.73360655737705,1.83176701508235,1.29291042768116,0.538856587401183
"219","Bua Yai",4687.53860342556,1.42307692307692,NA,NA,NA
"220","Bucaramanga",6276.51105853088,2.15789473684211,1.59110574591814,1.44277305153099,0.148332694387154
"221","Buchanan",4507.23662961874,2.45901639344262,NA,NA,NA
"222","Buchans",1910.06671307061,2.6,NA,NA,NA
"223","Bucharest",4134.62358690841,2.58835143139191,1.78867215041281,1.04593521998008,0.742736930432726
"224","Budapest",4923.38455232258,2.59921798631476,1.39380857634666,0.642849536183507,0.750959040163148
"225","Budaun",4355.4237557283,1.37545018007203,2.31576877297437,0.93800629795835,1.37776247501602
"226","Buenaventura",4579.09373331035,2.37254901960784,NA,NA,NA
"227","Buenos Aires",5236.7880995795,2.89416783543712,2.17826134878477,0.738200260029578,1.44006108875519
"228","Buffalo",3651.62203540126,2.8196173351775,1.35065070098944,1.07880611169345,0.271844589295984
"229","Bugt",3437.43964730921,1.66666666666667,NA,NA,NA
"230","Bugulma",3385.26647383169,2.22222222222222,1.97263149202054,1.79910980581586,0.173521686204683
"231","Buguruslan",2974.1904047976,1.73170731707317,1.38353780489251,0.611303585474811,0.772234219417698
"232","Buizhou",0,1.396256537297,1.45370454694383,0.683837716573994,0.769866830369838
"233","Bujumbura",5793.79780698885,2.89691377664652,3.08375252760368,2.44046729879637,0.64328522880731
"234","Bukachacha",3159.16071428571,NA,NA,NA,NA
"235","Bukama",4777.78881987578,2.5,NA,NA,NA
"236","Bukavu",5357.98173214532,2.93796526054591,NA,NA,NA
"237","Bukittinggi",6616.59356928773,1.4,NA,NA,NA
"238","Bukoba",6119.10924379291,2.87272727272727,NA,NA,NA
"239","Bulaevo",2832.99626701801,1.39130434782609,NA,NA,NA
"240","Bulandshahr",4674.58780774147,1.33002305373293,1.51810970907898,0.859198496725671,0.658911212353305
"241","Bulawayo",3815.38335539762,1.52380952380952,1.04265068573118,0.314832560760029,0.727818124971148
"242","Bulungu",5995.13250517598,1,NA,NA,NA
"243","Bumba",4717.31579188629,2.94915254237288,NA,NA,NA
"244","Bunbury",4036.04467167119,2.53030303030303,0.0387546161536946,-0.22089183774098,0.259646453894675
"245","Bundaberg",4417.68519280555,2.3,1.04909465739598,0.794377369700071,0.254717287695908
"246","Bungoma",6226.27103936829,1.96048632218845,NA,NA,NA
"247","Bunia",4872.61055756844,1,0.847295329695748,0.566599930967054,0.280695398728694
"248","Buon Me Thuot",6072.25402258558,2.37106918238994,2.49342802213165,2.12961233929343,0.363815682838216
"249","Bur Safaga",859.607621088366,3,NA,NA,NA
"250","Bur Said",962.987326779362,2.38631790744467,0.729426802627535,0.491718253203564,0.237708549423971
"251","Buraydah",1174.25667175492,1.88571428571429,-0.215908992282094,-0.787881406335706,0.571972414053612
"252","Burco",1533.93376068376,NA,NA,NA,NA
"253","Burgas",3036.56690223693,2.76338514680484,-0.838727780135481,-2.01733447523189,1.17860669509641
"254","Burgos",3450.40265360278,1.85714285714286,1.36231374755342,0.580124989780185,0.782188757773235
"255","Burhanpur",4105.09854051847,1.88888888888889,0.78057402665868,0.247653456348361,0.532920570310318
"256","Buriram",4848.92919863598,1.16304347826087,1.50556822873962,0.828094147300968,0.677474081438655
"257","Burley",3547.12933118855,2.68421052631579,2.38018166007252,1.67983868909538,0.700342970977135
"258","Burlington1",4392.22791081092,2.48514851485149,0.141457979253234,0.189323406379956,-0.0478654271267225
"259","Burlington2",4886.81055203996,2.40833333333333,0.673718598277854,0.275460227569244,0.39825837070861
"260","Burnie",4630.47135444815,2.76923076923077,-0.072868034332281,-0.00478966318307426,-0.0680783711492068
"261","Burns Lake",2484.74652581718,2.42553191489362,NA,NA,NA
"262","Bursa",4910.4882035764,2.80821917808219,3.19328942298926,2.43605663383589,0.757232789153369
"263","Bururi",5785.23810935441,NA,NA,NA,NA
"264","Busan",4810.98601787148,2.6665306122449,2.73489496352928,0.90788546868747,1.82700949484181
"265","Businga",6137.94154589372,1.6,NA,NA,NA
"266","Busselton",3493.46762690724,2.45,NA,NA,NA
"267","Buta",6848.51003344482,1.90909090909091,NA,NA,NA
"268","Butare",6041.19647461249,2.35128205128205,NA,NA,NA
"269","Butembo",6459.00137483425,2,NA,NA,NA
"270","Butte",1638.46538272506,2.62666666666667,1.16525832914467,0.88837634996303,0.276881979181639
"271","Butterworth",5987.39629657782,2.3226750261233,2.70035084805777,2.28236039881216,0.417990449245609
"272","Butuan",6443.16876360355,1.93650793650794,NA,NA,NA
"273","Buurhakaba",2681.48447204969,2,NA,NA,NA
"274","Buxoro",2382.19846174267,1.25876010781671,2.69607725410267,1.29425007866494,1.40182717543773
"275","Buy",3998.77403276871,1.78947368421053,0.864846627936576,0.864688811347941,0.000157816588635661
"276","Buyant-Uhaa",1297.13932806324,1.75,NA,NA,NA
"277","Buynaksk",3771.08893280632,2.5,1.39364199427467,0.812306948086267,0.581335046188405
"278","Buzau",3913.09305975355,1.76623376623377,0.909211566688445,0.556377735612197,0.352833831076247
"279","Buzmeyin",0,1.21739130434783,1.83417688361827,0.000778799887337486,1.83339808373093
"280","Buzuluk",2948.09222853876,1.58730158730159,4.15284604103552,3.11335674439699,1.03948929663853
"281","Bydgoszcz",5347.02941507097,2.26628895184136,1.91391553746415,1.49878111616024,0.415134421303906
"282","Byron Bay",6656.5961069219,2.28571428571429,NA,NA,NA
"283","Bytom",4595.8238068198,2.18016194331984,1.95386815941257,1.32670191697157,0.627166242440999
"284","Byumba",5838.32480321656,2.72394590294352,-0.998687776923179,-0.129156193137169,-0.86953158378601
"285","Ca Mau",3697.861346655,1.88958313904691,NA,NA,NA
"286","Caazapa",6537.97556593604,3,NA,NA,NA
"287","Caballococha",5501.56078083407,2,NA,NA,NA
"288","Cabanatuan",5944.47240057153,1.71721846445948,1.94347262725063,1.61794444062244,0.325528186628188
"289","Cabimas",5740.1714702504,2.94939759036145,2.4666461681526,1.8578214940078,0.608824674144797
"290","Cabinda",2259.59354927971,2.74576271186441,NA,NA,NA
"291","Cabo Frio",5305.37479726959,2.74957020057307,1.09161887154463,0.767536104106155,0.324082767438471
"292","Cabo San Lucas",2177.4256698861,2.86046511627907,0.202833565663301,-0.492384051474241,0.695217617137542
"293","Cabo de Santo Agostinho",5022.90890688259,1.30508474576271,3.10490575241856,2.63979769728401,0.465108055134558
"294","Caboolture",5878.02272928115,1.83870967741935,1.24883963787494,0.945690708904011,0.30314892897093
"295","Caborca",1389.74969926104,2,0.166205881881927,-1.0204834437796,1.18668932566153
"296","Cacador",6035.80717872022,1.70731707317073,1.66951843241389,1.31259510475536,0.356923327658528
"297","Cachoeira do Sul",6032.86621689155,1.47191011235955,1.66052457166685,1.09057204206348,0.569952529603364
"298","Cachoeiro de Itapemirim",6129.333960047,2.2987012987013,0.64004710813841,0.408222119228389,0.231824988910021
"299","Cacolo",4296.07608695652,NA,NA,NA,NA
"300","Cadillac",2995.16887655372,2.64705882352941,NA,NA,NA
"301","Caen",5178.96168315425,2.75446428571429,1.8289440989076,1.19630231113642,0.632641787771182
"302","Cafayate",2711.49335249731,2.5,NA,NA,NA
"303","Cagayan de Oro",6142.69084242872,2.64755838641189,0.893822115482014,0.799866580757603,0.0939555347244116
"304","Cagliari",4451.9135549592,2.86620127981385,NA,NA,NA
"305","Cahul",3946.77345191041,1.92857142857143,NA,NA,NA
"306","Caibarien",4706.57383429831,2.69565217391304,NA,NA,NA
"307","Caico",3596.5998389694,1.42222222222222,NA,NA,NA
"308","Cairns",0,2.59897172236504,1.84897045885475,1.95821521852691,-0.109244759672154
"309","Cairo",3488.27597499581,1.89634020263285,2.62715394279851,1.00337887131555,1.62377507148296
"310","Cajabamba",4953.62450592885,1,NA,NA,NA
"311","Cajamarca",5186.60691868963,1.125,2.78421891980149,1.98605659623389,0.798162323567603
"312","Calabar",4027.79304441011,2.14217252396166,2.22425926772178,1.95091275659321,0.273346511128574
"313","Calabozo",4889.03059211399,1.33050847457627,1.26263871667986,0.676919087767601,0.585719628912262
"314","Calais1",5986.86684782609,NA,NA,NA,NA
"315","Calais2",5057.27566773213,2.6188679245283,1.90901844894583,1.52788041498505,0.38113803396078
"316","Calama",1154.84313094932,2,-0.812094555029438,-0.864548417379853,0.0524538623504142
"317","Calarasi",4328.30606223263,1.59550561797753,0.757486902603287,0.380409713993354,0.377077188609933
"318","Calbayog",6545.0932114858,2.64285714285714,NA,NA,NA
"319","Calbuco",5867.86921014245,2.73684210526316,NA,NA,NA
"320","Calcutta",4831.79274508167,1.87959966828729,2.14784511039461,0.991301949761587,1.15654316063302
"321","Caldera",723.899806609547,2.95652173913043,NA,NA,NA
"322","Caldwell",3682.58652557702,2.53138686131387,1.33106521475551,0.795812463528046,0.535252751227462
"323","Calgary",2149.97807643032,2.10324039186134,1.92180477402598,0.987938012769267,0.933866761256716
"324","Cali",5168.44282479296,1.5,3.63796766866958,2.36096616243898,1.2770015062306
"325","Callao",882.627678735697,2.66396761133603,-3.83381689184011,-3.79204642901101,-0.0417704628290911
"326","Caloundra",4918.66370383142,2.79919678714859,0.915936494268761,0.712658691547673,0.203277802721088
"327","Calucinga",4066.11141304348,NA,NA,NA,NA
"328","Calulo",3572.15217391304,NA,NA,NA,NA
"329","Cam Pha",2821.71046533811,1.76865671641791,-0.850391795920831,-0.639365899562838,-0.211025896357993
"330","Cam Ranh",4120.7196691144,2.52631578947368,NA,NA,NA
"331","Camabatela",4524.99308300395,NA,NA,NA,NA
"332","Camacupa",3982.431189364,NA,NA,NA,NA
"333","Camaguey",5756.50691406822,1.66233766233766,NA,NA,NA
"334","Camana",3657.08436604181,1.92307692307692,NA,NA,NA
"335","Camaqua",5566.88193979933,1.2962962962963,2.39120964580607,1.89402321733047,0.497186428475603
"336","Cameta",5066.4347826087,NA,NA,NA,NA
"337","Camiri",4599.11965504851,2.125,NA,NA,NA
"338","Camocim",3075.95284561466,2.47727272727273,NA,NA,NA
"339","Campana",4552.91934228123,2.25352112676056,1.09775076097047,0.515273069336333,0.582477691634135
"340","Campbell River",5363.41143289824,2.95673076923077,NA,NA,NA
"341","Campeche",3596.58151548233,2.82868525896414,1.88428277387642,1.65483587636397,0.229446897512445
"342","Campina Grande",4718.57043081587,1.31491712707182,0.584160473794055,0.210266877298792,0.373893596495264
"343","Campinas",5385.9592945579,1.69899103139013,0.985543697315925,0.519660634272291,0.465883063043633
"344","Campo Belo",5210.48953301127,1.41666666666667,NA,NA,NA
"345","Campo Grande",4932.42787746387,1.51408450704225,1.32172258767828,0.836105597036957,0.485616990641325
"346","Campo Maior",4011.87562582345,2.26315789473684,NA,NA,NA
"347","Campo Murao",5706.60361339601,1.37037037037037,1.84592964159535,1.13054883083983,0.715380810755528
"348","Campoalegre",6253.47826086957,1.42857142857143,NA,NA,NA
"349","Campos",5525.70039877404,1.64728682170543,2.71259275662934,1.94120135983083,0.771391396798513
"350","Camrose",2224.08216276477,2.2,NA,NA,NA
"351","Can Tho",5752.66948277779,1.66049738219895,2.74625134940667,3.18674039446618,-0.440489045059508
"352","Canakkale",3543.96972588923,2.94244604316547,1.08690521358389,0.577061912391039,0.509843301192848
"353","Cananea",2455.38898179116,1.95454545454545,0.807432178407907,0.85710197687149,-0.049669798463583
"354","Canas",5897.71030595813,1.28571428571429,NA,NA,NA
"355","Canatlan",3257.20319432121,1.2,NA,NA,NA
"356","Canberra",4249.72822131754,2.31346578366446,0.63804482512528,-0.130702154000175,0.768746979125455
"357","Cancun",5028.58691129811,2.41903409090909,1.86194595475943,1.76998019343912,0.0919657613203054
"358","Canela",7495.84241875274,1.82051282051282,NA,NA,NA
"359","Cangamba",4576.88858695652,NA,NA,NA,NA
"360","Cangzhou",0,1.37788694185791,1.15460029057967,0.264332423701291,0.890267866878377
"361","Caninde",3518.16256038647,1.68421052631579,NA,NA,NA
"362","Canoas",5973.91119052161,1.69955817378498,3.38254934497875,2.80250206150519,0.580047283473568
"363","Canoinhas",5643.41011564925,1.02439024390244,NA,NA,NA
"364","Canton",5371.19732910206,2.14149443561208,1.46986031610551,1.06909101213781,0.400769303967695
"365","Cap-Chat",2636.43720669637,2.8,NA,NA,NA
"366","Cap-Haitien",6192.43649356816,2.57111597374179,NA,NA,NA
"367","Capanema",5813.87158950889,1.25,NA,NA,NA
"368","Cape Coast",4882.21344751103,2.8,1.75928899147768,1.08303784450332,0.676251146974353
"369","Cape Coral",4549.48094498844,2.37160751565762,2.97977205832769,2.41784134308799,0.561930715239705
"370","Cape Dorset",273.283388157895,3,NA,NA,NA
"371","Cape Girardeau",0,2.2741935483871,1.15183794561153,0.955143374676507,0.196694570935021
"372","Cape Town",3778.23067003832,2.68436934218467,1.29859058739855,0.71928314726916,0.579307440129395
"373","Capitol Hill",5774.64176792677,2.96242171189979,NA,NA,NA
"374","Caracarai",5065.7041266259,2.14705882352941,NA,NA,NA
"375","Caracas",5670.01314440826,1.64150943396226,0.944525444858246,0.857531320373006,0.0869941244852395
"376","Carahue",5882.98369565217,2.72727272727273,NA,NA,NA
"377","Caratinga",5519.89052095574,1.27272727272727,NA,NA,NA
"378","Carazinho",5888.8892173913,1.2,2.91746792442658,1.87634337088641,1.04112455354017
"379","Carbondale",0,1.89,1.02128719511491,0.738207802862713,0.283079392252196
"380","Cardiff",6267.86434911686,2.82612055641422,0.890653405329835,0.641619866232706,0.249033539097129
"381","Carhue",4268.55603864734,1,-0.423670948520303,-0.645373847186565,0.221702898666263
"382","Carlisle",6295.64306698002,1.52,0.990817507877306,0.809118065334783,0.181699442542523
"383","Carlsbad",2424.52946759468,2.275,NA,NA,NA
"384","Carmelo",5129.14022041517,2.5,NA,NA,NA
"385","Carnot",6271.17118465059,2.22222222222222,NA,NA,NA
"386","Carora",3936.85203018326,1.64,-0.0927101476679972,0.0559788274353948,-0.148688975103392
"387","Carpina",5295.30713125879,1.29264392324094,1.13066013044833,0.737730543853509,0.392929586594821
"388","Carson City",2600.01272534464,1.81395348837209,0.515758601462489,0.244403405378542,0.271355196083947
"389","Cartagena1",4980.80847061088,2.68255884127942,2.42802395901274,1.61271977325413,0.815304185758617
"390","Cartagena2",0,2.46666666666667,0.561064002506042,-0.251697565981171,0.812761568487213
"391","Cartago1",5442.14227843404,1.5,0.519921043781419,0.624027217087681,-0.104106173306261
"392","Cartago2",6512.57331212443,1.29213483146067,NA,NA,NA
"393","Cartwright",1615.44508735312,2.85185185185185,NA,NA,NA
"394","Caruaru",3528.2783603001,1.54545454545455,1.1825577210697,0.600720371802648,0.581837349267056
"395","Carupano",4500.72207119041,2.65,NA,NA,NA
"396","Casa Grande",1607.07086137521,1.77777777777778,0.965823909110692,0.396070942686624,0.569752966424068
"397","Casablanca",3822.81802706911,2.95665499124343,1.4415558190747,0.416791842517118,1.02476397655758
"398","Cascavel",5479.0760130139,1.88461538461538,1.68443040512692,1.08244240786983,0.601987997257097
"399","Caserta",5065.98090243449,2.01379310344828,1.70069289541269,1.04808819449752,0.652604700915168
"400","Casper",2416.21109403718,2.18181818181818,0.0101845125056569,-0.465335005498491,0.475519518004148
"401","Castanhal",5400.0165618637,1.82142857142857,NA,NA,NA
"402","Castello",4555.83147543653,2.34234234234234,1.48307928301778,1.14864664779059,0.334432635227189
"403","Castries",6355.19899232559,2.52380952380952,NA,NA,NA
"404","Castro1",5639.68626718656,2.71428571428571,NA,NA,NA
"405","Castro2",5452.75470867805,1.28,2.40831038241203,1.72705032046025,0.681260061951784
"406","Catalao",0,1.68292682926829,0.2570221069842,0.188678666913452,0.0683434400707482
"407","Catamarca",4504.97075071667,1.28571428571429,0.324112965608465,0.0940887381093229,0.230024227499142
"408","Catanduva",5339.81918670865,1.44444444444444,2.08144062413957,1.30454643635114,0.776894187788426
"409","Catania",0,2.97177848775293,0.578717909188769,0.280927166546892,0.297790742641876
"410","Catanzaro",5873.41382076087,2.94155844155844,2.27185331995564,1.63673790213134,0.635115417824299
"411","Cauquenes",4608.41886253843,1.04166666666667,NA,NA,NA
"412","Caxias",5042.76675876109,1.28571428571429,NA,NA,NA
"413","Caxias do Sul",6416.99319895285,1.76865671641791,1.33207057984541,1.21937435425199,0.11269622559342
"414","Caxito",4221.49378881988,1.88888888888889,NA,NA,NA
"415","Cayambe",5283.74910985529,NA,NA,NA,NA
"416","Cayenne",4711.86335218262,2.55982905982906,1.27709984857035,1.18072347187212,0.0963763766982272
"417","Cebu",5907.02586250473,2.80533785214997,NA,NA,NA
"418","Cedar City",0,1.66666666666667,0.940023263571438,0.615336634494639,0.324686629076799
"419","Cedar Rapids",4504.21513631974,2.25665859564165,1.88299217262758,1.41857711272611,0.464415059901473
"420","Ceduna",2217.87496520594,2.63636363636364,NA,NA,NA
"421","Celaya",4142.82287941527,2,2.28307858404098,0.876098074408482,1.4069805096325
"422","Celeken",895.628216503993,1.45833333333333,NA,NA,NA
"423","Central Coast",5834.96376811594,2,NA,NA,NA
"424","Centralia",6092.05255830727,2.2089552238806,NA,NA,NA
"425","Ceres",5340.31181716834,2.20833333333333,NA,NA,NA
"426","Cerrillos",4916.87325428195,1.16666666666667,NA,NA,NA
"427","Cerro de Pasco",2100.93381642512,1.96428571428571,NA,NA,NA
"428","Ceske Budejovice",4677.02339455272,2.40789473684211,0.908624667532194,0.69144591319626,0.217178754335934
"429","Chabahar",1029.40873836621,2.5,-2.64332855303942,-2.55428687661466,-0.0890416764247585
"430","Chacabuco",4764.39311092376,1,1.13819590276849,0.406288381830781,0.731907520937709
"431","Chachapoyas",3676.85950413223,NA,NA,NA,NA
"432","Chadron",3030.69385420072,2.25,NA,NA,NA
"433","Chaiyaphum",4642.17966301402,1.17538461538462,NA,NA,NA
"434","Chake Chake",5694.48420074535,1.66666666666667,NA,NA,NA
"435","Chalkida",3856.04998594461,2.90704225352113,-0.36109233689275,-1.03239289601943,0.671300559126679
"436","Challapata",1696.88255223038,NA,NA,NA,NA
"437","Chamical",4168.06337285903,NA,NA,NA,NA
"438","Champoton",4991.64534893007,2.82222222222222,NA,NA,NA
"439","Chancay",2082.44832007062,2.31666666666667,NA,NA,NA
"440","Chandigarh",5386.07858281846,1.51676528599606,1.93540193236835,0.732579480170044,1.2028224521983
"441","Chandrapur",4443.38797297716,1.62848297213622,1.07305379205557,-0.253905016115265,1.32695880817083
"442","Changchun",3307.16985185176,1.95220722364101,1.50066611948577,0.284999164802663,1.21566695468311
"443","Changde",5047.87771929827,1.77753591641271,1.55359505683267,1.09019732950932,0.463397727323344
"444","Changhua",4100.59901711859,2.58737048445813,0.000338043564943323,0.258350869261664,-0.25801282569672
"445","Changling",3284.91977344661,1.875,NA,NA,NA
"446","Changping",3901.23262344653,1.52390961639517,2.00084899803262,0.194493201994153,1.80635579603847
"447","Changsha",4880.42849886557,1.81411487127293,1.38129046494044,0.854242693600932,0.527047771339512
"448","Changting",5271.90547409222,1.97101449275362,NA,NA,NA
"449","Changyon",3883.32639900146,1.5,NA,NA,NA
"450","Changzhi",0,1.86743838685586,1.02517437766265,0.289188731404581,0.735985646258064
"451","Changzhou",3779.69457168412,1.96263643996641,1.61224659120534,1.22415982790221,0.388086763303125
"452","Channel-Port aux Basques",3373.50795163964,2.77142857142857,NA,NA,NA
"453","Chanthaburi",5534.81717793343,1.54705882352941,1.76302357697401,1.54897264745392,0.214050929520096
"454","Chaoyang",3633.12725865071,1.81542699724518,1.6106914375378,0.665018019193856,0.945673418343944
"455","Chaozhou",5607.98007123278,2.25599462164787,2.2628581598495,1.88075089406476,0.382107265784736
"456","Chapadinha",5123.85874396135,1,NA,NA,NA
"457","Chapaev",2179.24038807043,1.52631578947368,NA,NA,NA
"458","Chapayevsk",3312.70212267604,2.18510158013544,2.64636241517728,1.94189988104627,0.704462534131016
"459","Chapleau",3288.5615942029,2.76923076923077,NA,NA,NA
"460","Charata",4202.4865969271,1.6,1.15495190998683,0.407356673593704,0.747595236393122
"461","Charikar",1845.52397721649,1.68526591107236,NA,NA,NA
"462","Charleroi",5828.45741671372,1.80544747081712,2.02430325586896,1.54986421853378,0.47443903733518
"463","Charleston1",5966.07294193096,2.28536639362409,1.20707689182817,1.08602425948127,0.121052632346899
"464","Charleston2",5955.03733694138,2.36637168141593,1.65823228087542,1.26970909501941,0.388523185856007
"465","Charleville",3084.88036890646,2,NA,NA,NA
"466","Charlotte",5842.74743785513,2.25240384615385,1.44237946741339,1.10963281152267,0.332746655890726
"467","Charlottesville",6135.02861232356,1.98709677419355,2.35414594559209,1.89220910490333,0.461936840688753
"468","Charlottetown",3309.10475950161,2.89824561403509,NA,NA,NA
"469","Charters Towers",4000.00579710145,2,NA,NA,NA
"470","Chascomus",5260.07046782525,2.6036036036036,-0.122196307081148,-0.697209742501241,0.575013435420093
"471","Chattanooga",5810.37728147618,2.29712746858169,1.7647448053534,1.62165029741446,0.143094507938943
"472","Chau Doc",5312.24880295943,1.62894264714393,NA,NA,NA
"473","Chauk",3594.43911572209,2.28787878787879,-2.48312037313978,-2.95091588298479,0.467795509845018
"474","Cheboksary",2846.4922254652,2.88661037394451,1.42659846203242,1.07994443451781,0.346654027514611
"475","Chegdomyn",3215.47826086956,NA,NA,NA,NA
"476","Chelyabinsk",2672.75008591971,2.46060606060606,3.23103339176192,1.95941125309012,1.2716221386718
"477","Chemnitz",5516.7109329496,2.19811320754717,1.01363487472106,0.710732871912889,0.30290200280817
"478","Chengde",4158.76093458754,1.78305084745763,1.00682893966264,0.28816165541535,0.718667284247294
"479","Chengdu",5373.88747360659,1.78145444058226,2.38832065219865,1.41894115927213,0.969379492926523
"480","Chennai",4854.84087384716,2.05823730050672,1.98744030142524,0.933526386926674,1.05391391449857
"481","Chenzhou",3955.13979029196,1.69512195121951,2.61989429890641,1.71279592188837,0.907098377018042
"482","Cheongju",0,1.61155913978495,3.11745011375625,1.92213565519726,1.19531445855899
"483","Chepes",3069.18524374177,NA,NA,NA,NA
"484","Cherbourg",5741.60667398922,2.88699360341151,0.977118732621569,0.633436910921795,0.343681821699774
"485","Cheremkhovo",3143.28779128075,1.74509803921569,0.89115308401169,0.654860100082163,0.236292983929527
"486","Cherepanovo",2979.17470355731,1.875,NA,NA,NA
"487","Cherepovets",2984.68355904257,2.38245033112583,5.12428061471822,3.69461080975257,1.42966980496565
"488","Cherkasy",2142.08125259281,2.93832293832294,1.64275893377438,0.963580916217568,0.679178017556809
"489","Cherkessk",4083.46998253106,2.0546875,1.57483337208761,1.22888906314096,0.345944308946649
"490","Cherlak",2802.68357924369,2.42105263157895,NA,NA,NA
"491","Chernihiv",3838.86592161666,2.06748466257669,2.47059434761201,2.00961862266345,0.460975724948563
"492","Chernivtsi",4418.51828063241,2.20192307692308,1.49502423885522,1.13510848667074,0.359915752184486
"493","Chernogorsk",2665.32877846791,2,1.11925739049912,0.370846668879191,0.748410721619924
"494","Chernyakhovsk",4906.36594264696,1.77777777777778,1.3221410371497,0.831444509907396,0.490696527242304
"495","Chester",6282.94682308915,2.06382978723404,0.958549367798321,0.620217020517023,0.338332347281298
"496","Chesterfield Inlet",709.871428571429,2.16666666666667,NA,NA,NA
"497","Chetumal",4484.93766416016,1.58571428571429,2.02176677126013,1.62683775870685,0.394929012553276
"498","Chevery",1421.88048654244,2.72222222222222,NA,NA,NA
"499","Cheyenne",2854.74152648131,1.96825396825397,1.15438204501209,0.388650719439838,0.765731325572248
"500","Chiai",5500.54449488443,1.77329568374345,1.32203193399982,1.19014500163831,0.131886932361509
"501","Chiang Mai",5413.1697835029,1.52140504939627,2.52344615767978,1.76929703483527,0.754149122844506
"502","Chiang Rai",5310.5100255535,1.78174603174603,1.95024275166524,1.84651681015563,0.103725941509617
"503","Chibemba",4505.45244565217,1,NA,NA,NA
"504","Chibia",4202.19565217391,1,NA,NA,NA
"505","Chicago",2876.00618236113,2.80404050109901,1.99603280074653,1.51819624664827,0.477836554098262
"506","Chiclayo",2638.86780584209,1.5625,1.04803433504556,0.673352926396407,0.37468140864915
"507","Chico",4437.50711462451,2.23529411764706,2.9236267878774,1.64023976887445,1.28338701900295
"508","Chicoutimi",2940.80541911939,2.85955056179775,2.065886760697,1.64803809352392,0.41784866717308
"509","Chifeng",2842.48689197289,1.5688622754491,1.5912703705538,0.0533747298751616,1.53789564067864
"510","Chignik",2777.17014409262,2.66666666666667,NA,NA,NA
"511","Chihuahua",2033.01818777255,1.8,0.151471077104179,-0.0308363005131503,0.182307377617329
"512","Chilca",1274.35054347826,1.66666666666667,NA,NA,NA
"513","Childress",3400.07154843631,1.57142857142857,NA,NA,NA
"514","Chilecito",2128.52384716733,NA,-1.01293678494061,-0.716128171074624,-0.296808613865983
"515","Chililabombwe",4257.30898779859,1.63636363636364,1.33340195729028,0.858924158479251,0.474477798811027
"516","Chillan",4545.18692389265,1.75,0.580442648963909,0.443875677009254,0.136566971954655
"517","Chilpancingo",4591.98013580622,1,0.878990030774833,0.434258033726232,0.444731997048601
"518","Chimbote",2259.62761650287,2.85531135531136,0.242995696658209,0.0556061208769462,0.187389575781263
"519","Chimboy",2412.46091941744,1.38592233009709,NA,NA,NA
"520","Chimoio",5004.33442556269,1.9,NA,NA,NA
"521","Chinandega",6274.87313512361,1.33333333333333,NA,NA,NA
"522","Chincha Alta",2204.94389632107,3,0.987968664485634,0.590197930733363,0.397770733752272
"523","Chingola",3570.00077797991,1.8,1.69577990241071,1.05599161424535,0.639788288165359
"524","Chinhoyi",4370.50144927536,NA,0.468091174960137,0.243089737743139,0.225001437216997
"525","Chiniot",4205.85870312204,1.31424257674887,2.93423950928005,1.35104337557313,1.58319613370693
"526","Chinsali",3710.77898550725,NA,NA,NA,NA
"527","Chipata",5107.4528536797,2.66666666666667,0.050315742002989,0.0516609970642172,-0.00134525506122821
"528","Chiquinquira",5881.87370600414,NA,NA,NA,NA
"529","Chirala",4169.93026335305,1.91409817351598,0.980497109350097,0.581951763673468,0.398545345676629
"530","Chiramba",0,2.28571428571429,NA,NA,NA
"531","Chirchiq",3452.92143950137,1.62341772151899,0.995142214321017,-0.144682502709521,1.13982471703054
"532","Chiredzi",4609.63996948894,1.6,NA,NA,NA
"533","Chisinau",3936.3880975543,2.23684210526316,1.53645186453055,0.656964318571234,0.879487545959317
"534","Chistopol",2264.53426228911,2.90066225165563,1.43051523847126,0.939371656000087,0.491143582471177
"535","Chita",3052.61508767429,2.58730158730159,3.50587447648907,1.3433172917452,2.16255718474387
"536","Chitipa",4298.08575712144,NA,NA,NA,NA
"537","Chitre",5255.32168365578,1.63636363636364,NA,NA,NA
"538","Chittagong",5602.70366973645,2.41855230688701,1.49272611405901,1.10824239244815,0.384483721610861
"539","Chitungwiza",3795.15658911247,1.97183098591549,2.43411304136245,1.5258192026993,0.908293838663148
"540","Chivilcoy",5038.62608695652,1.27272727272727,1.00395183563801,0.50496223913008,0.498989596507931
"541","Chlef",0,1.41776315789474,1.57589322354313,0.526613911555614,1.04927931198752
"542","Cholpon Ata",2720.06437731179,2.9047619047619,NA,NA,NA
"543","Choluteca",5216.10592217962,1.6078431372549,NA,NA,NA
"544","Choma",0,1.63636363636364,NA,NA,NA
"545","Chon Buri",4581.1938804761,2.04974396488661,0.144902941584241,0.387363232791437,-0.242460291207196
"546","Chonchi",7356.40579710145,NA,NA,NA,NA
"547","Chone",4956.62055335968,1.10810810810811,NA,NA,NA
"548","Chongjin",3865.83847714786,2.6386748844376,-0.128206102266197,-0.04986012612701,-0.0783459761391874
"549","Chongju",3979.83352514919,1.49068322981366,NA,NA,NA
"550","Chongqing",5466.84543054186,1.88789686971505,2.08672503927863,1.28518042454391,0.801544614734717
"551","Chos Malal",2966.78656126482,1.25,0.131598022431135,-0.11385582447052,0.245453846901655
"552","Chosan",3747.54756258235,1.75,NA,NA,NA
"553","Chosica",1073.70807453416,NA,-1.58162623643875,-2.94078999757767,1.35916376113892
"554","Chota",4998.26877470356,NA,NA,NA,NA
"555","Choybalsan",2495.94704933388,1.88095238095238,NA,NA,NA
"556","Christchurch",5629.57853335457,2.41046277665996,1.7274143266844,0.978661233298478,0.748753093385925
"557","Christiansted",5539.25890931114,2.31666666666667,0.350375657569464,0.243534795225483,0.106840862343981
"558","Chukai",4700.57588915876,2.30418943533698,1.01022323525073,0.936515726909345,0.0737075083413902
"559","Chulucanas",3456.56719367589,1.15384615384615,NA,NA,NA
"560","Chumbicha",4345.30279503106,NA,NA,NA,NA
"561","Chumphon",6377.60900231702,1.16203703703704,2.25327206833754,1.96742625907063,0.285845809266902
"562","Chuncheon",4107.55665169307,2.5304347826087,2.66820669949602,1.55702481090356,1.11118188859246
"563","Chungli",5456.01071795367,2.30241379310345,1.86878099321412,1.8463205772351,0.0224604159790151
"564","Chuquicamata",271.673531655225,3,0.951866674281301,1.49293711213838,-0.541070437857083
"565","Chur",5133.88212161137,2.39285714285714,NA,NA,NA
"566","Chusovoy",2745.032939712,2.21698113207547,2.30952729706819,1.74758282407171,0.561944472996486
"567","Chuxiong",4844.28825355088,1.76007677543186,1.36235867278449,0.621629284169429,0.740729388615058
"568","Ciego de Avila",5772.1021340749,2,NA,NA,NA
"569","Cienaga",4872.14495885381,2.76923076923077,NA,NA,NA
"570","Cienfuegos",5782.20821290596,2.82558139534884,NA,NA,NA
"571","Cilacap",6241.82190204341,2.18713117978756,0.929428940215439,0.721421683734903,0.208007256480535
"572","Cincinnati",5554.568113116,2.03137137735285,1.50512078102463,1.24010647466525,0.265014306359379
"573","Cirebon",5778.53201720397,2.54772631705412,NA,NA,NA
"574","Ciudad Bolivar",4417.54334236902,2.13864306784661,0.253860696149969,-0.00614442043413973,0.260005116584109
"575","Ciudad Camargo",3552.460053726,1.0952380952381,NA,NA,NA
"576","Ciudad Constitucion",1455.95518394649,NA,NA,NA,NA
"577","Ciudad Cortes",7152.20471014493,2.33333333333333,NA,NA,NA
"578","Ciudad Guayana",3773.32872758575,2.4392523364486,-1.13324617853737,-1.19489289865903,0.0616467201216661
"579","Ciudad Guzman",4513.01755852843,1.04761904761905,NA,NA,NA
"580","Ciudad Hidalgo",4994.19473684211,2.33333333333333,NA,NA,NA
"581","Ciudad Madero",3738.19693998734,2.18827508455468,2.51416963291191,2.13252136687178,0.381648266040131
"582","Ciudad Mante",5154.7556561086,1,NA,NA,NA
"583","Ciudad Obregon",3129.97744167496,1.85333333333333,3.10455079590943,1.05129543927122,2.05325535663821
"584","Ciudad Valles",5483.01528326746,1.86792452830189,NA,NA,NA
"585","Ciudad Victoria",4289.49353128314,2,0.883599894298317,0.447555896856876,0.436043997441441
"586","Ciudad del Carmen",2592.03058482668,2.42553191489362,0.665659542367967,0.506640471518041,0.159019070849926
"587","Ciudad del Este",6062.57685138279,2.43859649122807,NA,NA,NA
"588","Civitavecchia",4415.78914191919,2.93175074183976,0.893824837566354,0.375741134909913,0.518083702656441
"589","Clare",4671.51347466762,1,NA,NA,NA
"590","Clarksburg",5669.26918158568,1.87341772151899,NA,NA,NA
"591","Clarksville",0,1.83604135893648,0.80537867411062,0.604876274909925,0.200502399200695
"592","Cleburne",4328.09850730626,2.12328767123288,NA,NA,NA
"593","Clermont-Ferrand",5367.51625042697,2.05263157894737,1.00638967813276,0.0129409655515836,0.99344871258118
"594","Cleveland",4225.22438028053,2.79819009258775,0.984145209492919,0.70246214745599,0.281683062036929
"595","Cliza",0,1.5,NA,NA,NA
"596","Cloncurry",2479.76397515528,2,NA,NA,NA
"597","Clovis",3143.81608437706,1.2,1.39637395989649,0.535137869034693,0.861236090861795
